password,hashed_password
S8QI&u-E,233891b741ed51b03606c53108befb0b24381a760863ad1ab6699da24f09a094
KX0J&*#iy-3mDjG,12cf0d00584c2ee1ecc6290b1c78c9e6dc1c9c16a92a2f8fa70d9db25548610f
2Z-CQ5A=qr9+&Jb,604ac362cf9e104a16054caadadf7638fc119c61fe7aa99d62f247bf622c3587
"F%6CvEnxAK,26",ee9337e4e6615e7540706521917b34051e191f6c664127812b09bca66fad0777
rVrIez<Y-9Dv%zhI,cbc16a42c0fb22fff9e5d84f22a97df984b2abc2f2e8fa6d2902df1ab864ab16
^5^>ZZ1to!1&=L,dd7b1b6a239c3d8155dae5634e7c35d84fa9370cd17ddcb98c07c5538c4302fd
gbX#(Y-09+Pw4,28d765183526334934103c8bceb91b43148b043be5c58b60b86916b1a02e9727
q&(E*u5U,5d74d0ab3b5739e0a39d888199a9969d80a25566873c61d596e9d18f738ff4a7
XRIY^*4.Xm,b7730703ffadbcb9256f35f97d07f5b63bc4ab6a9de1013e7aa2a466c38d6776
9VzTf%M8hw,44b6d9fdbdb3b3111c40888bc9e538c0bd21e5febfeb27bcd65e79addf210f61
N#IbiP5k>W9a$,a339f5cea1e7976c6881be7fc4a38dad3e36da1213ba25e25863ed43fc2a52f3
)7gWdL,e4863e7f127532f59877e86009fa9ddea7bd9616444d3a5462c64b4e7982a605
Nw!cU2PV,47b3b7a0142daf97fd686422b91d87457aa21b230fada98480595381810e149a
BvYg4&Etl)tUUxV,218fdb30d15ebdeeee4fbfe9185fb058b71307785b35bf74967e985683e779eb
>&TGR4y_&wp?*,a655bd98240d7025ed7c299f7e04df0d866e72bc42bf8856c8a51724d8a100cb
mRuz?N6P.9,37dab3c58d3eb0c426d2b2189c563958fa088956ec35a67ea4616eb1766b280d
t=N87>Xw,597dabfa503826d0846783b6e4a07b27f789593983fad035eb14668daa15ba8a
"_7Em,0pT#U",f918f306e6df2709da71f40c27316753796a400d12810f7ebe04c4a1607e4dc4
"_0L_ILzSY4f,F0sI",293330d85fb90863a100faf3c75cab3dfd547470763750a19036b01690083675
R&wG3h>3)b.,ffd7e480e58dad780f3de384e0c9155195b76500ecaf179eda52cca5a8a1f07d
"Z+bR>%&2s4EcYjW,",f8bc860505f71e9a4caeb175ac1e90e65b83dca393b39707010d520b5c9d927b
5S8u%m,20b74591c855a53cc4f9ac204338c1876d2256be1712eff8cdf200286c741f43
QKrgReq_^8Of1,6cfbfa43e4c7004215c6d0f6fe4e2b77c5d4bcbafba993b0d5214fd9b3efd01a
y><_+5mVTUf,acf7a32591b6c0519077472a6f9e2b99ecc71b9d6919edae67390bcd41fa9015
a)GZ9Web+6,48cea750b01c43908cc5a5d149d6db5e77631828c467c59385e2c9673920bb97
o5_Yqt?Wc,6f076e5656ae890ffb149d4fc188c667545539b97a0eec5bc39be9fa06911d04
B8_69Dvk-,710b3c4575f5fb4292d9a94276b830fd332ebdb56b286ff43f9cbcc0d43b804d
!dAJJ+e6,a9c3ecbb2df5faa76fd359a9a090fbb495073faa9630082d9d076e87d319be68
e<aF$E7sl,a0378058e1540c1566c2b80a8931529dd06dc15c7ccf51da6778c5730786a94e
JioBlk2A*=eVUt1,ddcb5e919123f717bac7823dbe2821caed22a558470f64177df616c1ac5374d6
In0aU!1voZK1A99,626e18a777ef1093767d3d50db3da81bde50f11bb1bd3abcd1136271a1d0f36a
$nn1JGzD,0d5ee6083df8a88724df753e1ddce56978b434c49d87dea574af0ce7d4429bf3
2__9zxqR3(ulq,037f37600caf1021132c8dc721d45792557757a7022e5d145500b3ca95cd6856
4zt-W?T#!*47(k<j,7d70bd2c161104aed0fddfa4bbafa9fba3c6362697156d0429755481ed016808
TN928>Rlq61-_,9ad86f4f7cc5e23d1e2b36d9e6c9b0558595406d31e007b02881aa46538ef934
-)9um43z!RKTE&.,c55197170c12bda6f0a6539383244e8ca0be489c7af17b65bcd816ec5adce1b8
eZL^*PY*GDd55r,d35418b6b97c43063343a4311047a56c6bf8d996866b473961a1c0d193cfb246
Snv-D7C,4318fc1654a5a5ba4e623cd78e84e7723019a8ca1db1f99386d29e39016c821b
ds>..fO5(P,91111e68b4a22e3e644a1f5b62e56911fcc099484537bc62ee90ca3296ee3151
L3v=Y9,390fbf6a8102cd8e7dd5f0d3f0f8ccba1378a70843bb0953f49cca57e7fe5921
uu#7TSdC,ac21a76b410e29b6067b35d4b0f21b56704f8591ea6f4a14d82825e990238a0c
Ym4tbgfTi+$7qzEx,c85e412bdf862d8130060ee3489b27fb149a3730e0576be3b47cdf571df82684
T6x=5A,6c37178a793a3c00f623cf4611ca1843096844849dc681b3d686a1cc8190c22c
7<N$=Gi&l1$,3246723f5b2125fd69edd6569fe4ed163920dfcef8477b738ebd16395fa342a1
p&G<j61HPfT,5cdee2020c14b89a794910ef0a8c7c27ad5edc5cc74745ad58a64d4174dec872
"Ea8ZAus,",bbdc53e275ff371cd20379de7460f7aeaf7a42ee059b8655ba330005631cefd4
"%&mMmp1C(,yr?ql",85978a5a9ac05b2918e7c15adf5a82c40c938ea8d09a6aa46c32679e094d1fad
Kj&7Srr-9u,302e102d14e788eb5b575416bf86b5fca557f5c80e76d216fd1703510c4cf471
"Ah.,1l8NYPG-pfNW",614884b6584a600fafcc7498a1df63f6062c0f2be737df2f6c2f8724de42be4f
z4vsc3.P^(Pne-,ba307e86d95e2e8915ea44d30575eab0449f20c5adf684e4d5bade65332474b3
"#9K4q9,u,O",22e0b193c21d5f52d918c9aedebc5bc74d6cb30801feff3c6a9176f31592c818
"*G,$8O^?Fpjf",936c2f027838da0c072f6f3a09ea85b0ea79c62fcd1e74e9a44fea13c608ad93
!12o9Wp)7,8ebae185a3e8743f26b8ada02f2f97daf842c76940dadd52ae247a96e554bf03
icA0m.)JNq!d3*-!,5c9726a95f9ab2a0c0f5c6b8eecc97d7d9939e97eff68cff544345da4b79dad2
Mwm7P#Q,505e28a1c5e39ab14bcef5495b8554723e4fc39948f1e753275c0214431e714e
p>N0qe5>,4ec16da503992e7399731fc5238a3d43f0383946fe64b6b999635dacb1a884d3
B49Iax^)8kGv&Xm8,cc864f1aad91a29e03d8526fbf85cfcd45ee9cf1acc7cb2900f014c15869fb21
0QL#Slc1?aw>r,c75e1164341b1197176f431bbc8067620cacca13fdf213e3aea9119029c6f783
o4-)ONh,327211e607b8a325ba411e47ccbb36024af084ae144bfab478e8c5f5a7d92a0d
s$34N%K?hO,f953ff6aec8f34881a8ffaa7163fbbce8ed6af7fcc7743a003a9bb824ebb52c6
%TicQL87,05dbfc8d9e9aa94b6f45e9e879db3d3325907faaa37d527809bed26b1d6d39e6
m(KZ_^tSFop26pB^,802c84ef2ba1de6ce78e48b3d62094af7ccef593ced4c38931707be5d6aaf020
"4,scU)",cac1b93408a0210e6d3fd01d86cf027fd55f97b26c2e05adbe65f7b49041e366
0C)S7E+HpqG,5696fe39e404923bd03db0b01dd0f1960775ccc66be4f4e8869523366b6d4216
^lS9JEm?2Dx,18b2dce40a66c3897bfd9159f5933451678f95e4e63c96f48c5622e92860cc27
f*3&IF,47b6c6ac51bff51aebc1ea49dab4c7ef6257d5562feb5289ee7e0c6aee282c20
jzM_f6My)n,5ea2b46789f74402018591c98ba886049bed5faf3b23f35c5fed8d66a0e828cb
rLQ2>8$wvfo,2ecab80540097706b7804d844e348f10a78f7c9a45fa2bd6f2c3ebc205306523
"hSfxTM0XY#P,I!8l",6ac00352f3aecc338ece2a16d151266a549042891b2cec9431cc08ea9837138e
kdI8Tl$I,c60b60fbb02f3613d21ba9b78a02b1b960a5ecc7c5b7e52d038d2739064a4329
GB>u4q0!mBJr49,b0abbc6e89d1f3ff210e2492247a9b27a49fb261f904e67db02c1de883ed7ca7
W>Ty%0B,eef2ce88b7de90ae6c54798b6abd6865ae47bfafce09c15b46539f2e879d2cd1
-$1XdZWNw4lX*i?,12b543ef7d952ab4c60db5de934803850fa59a7833db56618964c450745abfb7
7$sy9J,4c767faab3695ed12d19c1da7f430521ba597af92bdee4d083a63adcd41bdcb6
*W9*Ls^,0fd06019f1c4fd2ae8535d2fb060d7d29f28c2b64a86b6bb911d2f38661dfab3
E-x<HCK+>I1n,4985638e5fe13c5243727178cc5651af7c51bc810ea4a271caed06ab7e0d77d0
1nuHC?l)5qeG+<hJ,6ef06c6667a7ddf8f806327254ebda6dfcc1899fcefee9b0cc31d553992cc455
ejNI27DwrI?<K>,60b9a1c200bf124e97a2ed79426e79a172885b7d2b05891223320393197e243e
=IdkJqt$>&u8,40e9a63224c2c643a7f77680874c2fb6d4a5a2e7259bc4cd42e5e50c4db28db6
y0c?4J71oxD=>NN,13e37c5dc969e92fd89dd6eed459507e1e35818308b3a073a46c459e7ec1765f
H0n?Hx-F<O.,daf9ff44f5c5814f572ff6634bdd8a77ea2e5651a25d772852e2e55ca2005adb
"FR35EvQPM,k",885abe4db8de01bda4f45933be1001928daa1e691f40c2d69f9f940900344193
19vIoANcG4?,570c22459e0e3988c401c3e89e6031730bcbb8dda215a6c2670c8352dec83ba3
cPiR9+,b8364204d4634e0cbe647a12c1c8e65cc07d03ad0e83c0bc67f797f7b946808b
BS5^wOO,457823628bb9bbeb2872fb74b3fe75c56a7b347315a292f4b3a740236a68d012
E-z0sr<q3el!am,fdaccabeaf93f42d9cb81d83a680d731c65d3fc3abfec7772431fdee3b39ef5d
FY6XY%wd$Ie1vRnQ,2f3dd86224ba8eec8346bfd01eb97fc72f1ba94f20021ed54469f9719234cecb
"&rL3,80lAa,D",ba93bd044d4a279f16c32320d5f2a5df071bff4f11a0903fece4f98f5e3e55fb
2b$<!#-S5,6ae56211ae935704c9eda1551433b9ce10a668c613b9430926dc3a08d03c0b3f
BDkv4&?HdiqGZ=M,9d5c86da7accfc106fe8f9a1c642f5b533cea5e84f3f59363aed349b0a76f200
"P^H5j<YnZk,WFS",5da555ac5317493b00fa811b71fcb04dbcd6dedc8c07ee03aad943835d006fb6
eWW1(8uh<e-wh,6cf731ba9618241c16786b2b404b94a3b5d7a204dedce408e886bb794bc6bf22
%pgS2Chk5,65b6923c9ce5ef956561c110712f9383c7dcc015d090f152d087e0adbc0c9020
g<EdhuWXU1q?=P^,c7b7a1e5deb3afdbb15b2f91715c776db664583800e439ae2ecb3e936ad0cdc0
3b9BH_,0c6b29f2b32a266b2635423d1a9bc5569601b0dcdd923a02ce61fafc47e8b583
"66S6,ixoK*J<7#D",ea606b5e99c46414d5e38255f945599582a92d590d723f22ea128a485fed6068
XJu^Euo24,c23e0dcd050b6cf9dffb1750920d4d9e776b49451df286d645ab00d65bb62a3c
PgU7bZb0-LB._#,d204679c3f184230ae7d89336326c1486344c37e65a6ffed35cf10cd9c301c52
M#k7di8.,36c0927533eadfed9e4d1e5e6563a2fc33cb87c339739d3b7bfe927e8d17414d
O*N3>rHOON,ac2d232b250cdb01020b76572198586bad63e89d80fcab7576f67cb641dded9f
